Number of Connected Components,Percentage of Graphs
1,93.02646582248094
2,6.723479165416392
3,0.24305347176378803
4,0.007001540338874553
