Number of Connected Components,Percentage of Graphs
1,97.66711350313119
2,2.3118785138352576
3,0.021007983033552752
