Number of Connected Components,Percentage of Graphs
1,79.73017571581443
2,18.14763328699583
3,1.9691772259503355
4,0.14501305117460572
5,0.008000720064805834
