Number of Connected Components,Percentage of Graphs
1,99.26041572842546
2,0.7385834809499505
3,0.0010007906245934287
