Number of Connected Components,Percentage of Graphs
1,48.45045351360541
2,35.64306929207876
3,12.538376151284538
4,2.8730861925857774
5,0.4330129903897117
6,0.054001620048601456
7,0.008000240007200217
